,doc_id,sent_idx,context,sentence,surp_mean,surp_slor,uid_std,uid_mad,uid_pwd,uid_range,uid_cv,uid_slope,uid_len
0,f::GUM_academic_art::-1::og,0,sentence,Aesthetic Appreciation and Spanish Art:,14.308397150039672,-4.125806510473045,5.744195290110798,4.811257629394531,102.47790910450382,16.17469358444214,0.4014562378913889,-1.2933742284774778,5
1,f::GUM_academic_art::-1::og,0,prev1,Aesthetic Appreciation and Spanish Art:,14.308397150039672,-4.125806510473045,5.744195290110798,4.811257629394531,102.47790910450382,16.17469358444214,0.4014562378913889,-1.2933742284774778,5
2,f::GUM_academic_art::-1::og,0,prev3,Aesthetic Appreciation and Spanish Art:,14.308397150039672,-4.125806510473045,5.744195290110798,4.811257629394531,102.47790910450382,16.17469358444214,0.4014562378913889,-1.2933742284774778,5
3,f::GUM_academic_art::-1::og,0,document,Aesthetic Appreciation and Spanish Art:,14.308397150039672,-4.125806510473045,5.744195290110798,4.811257629394531,102.47790910450382,16.17469358444214,0.4014562378913889,-1.2933742284774778,5
4,f::GUM_academic_art::-1::og,0,"sent[-2,+0]",Aesthetic Appreciation and Spanish Art:,14.308397150039672,-4.125806510473045,5.744195290110798,4.811257629394531,102.47790910450382,16.17469358444214,0.4014562378913889,-1.2933742284774778,5
5,f::GUM_academic_art::-1::og,0,"sent[-2,+2]",Aesthetic Appreciation and Spanish Art:,14.308397150039672,-4.125806510473045,5.744195290110798,4.811257629394531,102.47790910450382,16.17469358444214,0.4014562378913889,-1.2933742284774778,5
6,f::GUM_academic_art::-1::og,0,"tok[-64,+0]",Aesthetic Appreciation and Spanish Art:,14.308397150039672,-4.125806510473045,5.744195290110798,4.811257629394531,102.47790910450382,16.17469358444214,0.4014562378913889,-1.2933742284774778,5
7,f::GUM_academic_art::-1::og,0,"tok[-64,+64]",Aesthetic Appreciation and Spanish Art:,14.308397150039672,-4.125806510473045,5.744195290110798,4.811257629394531,102.47790910450382,16.17469358444214,0.4014562378913889,-1.2933742284774778,5
8,f::GUM_academic_art::-1::og,1,sentence,Insights from Eye-Tracking,16.510758996009827,-8.349473839453838,11.332088347665358,9.678393205006918,508.76496020763324,27.65465223789215,0.686345694368381,5.878267526626581,3
9,f::GUM_academic_art::-1::og,1,prev1,Insights from Eye-Tracking,18.30989483992259,-10.1486096833666,10.801029499894073,10.069712188508776,517.2153318993554,24.627225518226624,0.5899012306910517,1.970373094081876,3
10,f::GUM_academic_art::-1::og,1,prev3,Insights from Eye-Tracking,18.30989483992259,-10.1486096833666,10.801029499894073,10.069712188508776,517.2153318993554,24.627225518226624,0.5899012306910517,1.970373094081876,3
11,f::GUM_academic_art::-1::og,1,document,Insights from Eye-Tracking,18.30989483992259,-10.1486096833666,10.801029499894073,10.069712188508776,517.2153318993554,24.627225518226624,0.5899012306910517,1.970373094081876,3
12,f::GUM_academic_art::-1::og,1,"sent[-2,+0]",Insights from Eye-Tracking,18.30989483992259,-10.1486096833666,10.801029499894073,10.069712188508776,517.2153318993554,24.627225518226624,0.5899012306910517,1.970373094081876,3
13,f::GUM_academic_art::-1::og,1,"sent[-2,+2]",Insights from Eye-Tracking,22.40366768836975,-14.242382531813762,10.844227313401124,10.202795187632242,527.7233740746767,23.8119535446167,0.48403803628236314,-0.8556643724441598,3
14,f::GUM_academic_art::-1::og,1,"tok[-64,+0]",Insights from Eye-Tracking,18.30989483992259,-10.1486096833666,10.801029499894073,10.069712188508776,517.2153318993554,24.627225518226624,0.5899012306910517,1.970373094081876,3
15,f::GUM_academic_art::-1::og,1,"tok[-64,+64]",Insights from Eye-Tracking,26.155596335728962,-17.994311179172975,10.235404945290858,9.160966608259413,440.38644013317526,24.55231285095215,0.39132753135928816,-3.940137982368476,3
16,f::GUM_academic_art::-1::og,2,sentence,"Claire Bailey-Ross claire.bailey-ross@port.ac.uk University of Portsmouth, United Kingdom",18.49230299370538,-6.980772554646549,20.832695138911685,14.231062728569668,759.9564750487873,69.39065318123903,1.126560339510063,-4.501179586498653,8
17,f::GUM_academic_art::-1::og,2,prev1,"Claire Bailey-Ross claire.bailey-ross@port.ac.uk University of Portsmouth, United Kingdom",20.854194479819853,-9.342664040761022,23.16774713327955,16.885685306522646,906.5268818574596,76.32201378652826,1.1109394398186165,-5.7908330144127795,8
18,f::GUM_academic_art::-1::og,2,prev3,"Claire Bailey-Ross claire.bailey-ross@port.ac.uk University of Portsmouth, United Kingdom",20.587738582020393,-9.076208142961562,23.17129148512869,17.18659703933372,918.251754758519,76.02208725432865,1.1254898828647726,-5.896669371610703,8
19,f::GUM_academic_art::-1::og,2,document,"Claire Bailey-Ross claire.bailey-ross@port.ac.uk University of Portsmouth, United Kingdom",20.587738582020393,-9.076208142961562,23.17129148512869,17.18659703933372,918.251754758519,76.02208725432865,1.1254898828647726,-5.896669371610703,8
20,f::GUM_academic_art::-1::og,2,"sent[-2,+0]","Claire Bailey-Ross claire.bailey-ross@port.ac.uk University of Portsmouth, United Kingdom",20.587738582020393,-9.076208142961562,23.17129148512869,17.18659703933372,918.251754758519,76.02208725432865,1.1254898828647726,-5.896669371610703,8
21,f::GUM_academic_art::-1::og,2,"sent[-2,+2]","Claire Bailey-Ross claire.bailey-ross@port.ac.uk University of Portsmouth, United Kingdom",14.400843267358141,-2.8893128282993104,16.08092310876672,13.134670290550275,395.4500742551672,50.601920866640285,1.1166653792571128,-4.603161159611769,8
22,f::GUM_academic_art::-1::og,2,"tok[-64,+0]","Claire Bailey-Ross claire.bailey-ross@port.ac.uk University of Portsmouth, United Kingdom",20.587738582020393,-9.076208142961562,23.17129148512869,17.18659703933372,918.251754758519,76.02208725432865,1.1254898828647726,-5.896669371610703,8
23,f::GUM_academic_art::-1::og,2,"tok[-64,+64]","Claire Bailey-Ross claire.bailey-ross@port.ac.uk University of Portsmouth, United Kingdom",16.097613402867864,-4.586082963809034,17.380683701506708,14.566162232009447,404.0632386179904,53.38429522787919,1.0797056225993265,-5.1493670467066925,8
24,f::GUM_academic_art::-1::og,3,sentence,"Andrew Beresford a.m.beresford@durham.ac.uk Durham University, United Kingdom",20.35104041190581,-7.627048815540328,22.647113199416314,15.283558460501883,1044.4808174767088,73.66856007021124,1.112823361412385,-4.360496167001786,7
25,f::GUM_academic_art::-1::og,3,prev1,"Andrew Beresford a.m.beresford@durham.ac.uk Durham University, United Kingdom",15.915337178776099,-3.191345582410617,18.41036655351715,13.147858552942385,650.1561708054546,57.83403710126731,1.1567688668304368,-5.026279322317349,7
26,f::GUM_academic_art::-1::og,3,prev3,"Andrew Beresford a.m.beresford@durham.ac.uk Durham University, United Kingdom",15.990913445962567,-3.2669218495970864,17.779097995759052,13.058092270997989,583.3873530861368,55.86443258100917,1.1118250408795736,-5.123054005879436,7
27,f::GUM_academic_art::-1::og,3,document,"Andrew Beresford a.m.beresford@durham.ac.uk Durham University, United Kingdom",15.990913445962567,-3.2669218495970864,17.779097995759052,13.058092270997989,583.3873530861368,55.86443258100917,1.1118250408795736,-5.123054005879436,7
28,f::GUM_academic_art::-1::og,3,"sent[-2,+0]","Andrew Beresford a.m.beresford@durham.ac.uk Durham University, United Kingdom",16.281661653729056,-3.5576700573635742,18.330559068224296,13.22495900036064,632.7011092682432,57.72107894884539,1.1258408053225926,-5.136482008293177,7
29,f::GUM_academic_art::-1::og,3,"sent[-2,+2]","Andrew Beresford a.m.beresford@durham.ac.uk Durham University, United Kingdom",8.84814113408876,3.8758504622767225,9.918422162938805,9.62784582930047,92.49073750920108,23.985100321733626,1.120961116310253,-4.1192092114288235,7
30,f::GUM_academic_art::-1::og,3,"tok[-64,+0]","Andrew Beresford a.m.beresford@durham.ac.uk Durham University, United Kingdom",15.990913445962567,-3.2669218495970864,17.779097995759052,13.058092270997989,583.3873530861368,55.86443258100917,1.1118250408795736,-5.123054005879436,7
31,f::GUM_academic_art::-1::og,3,"tok[-64,+64]","Andrew Beresford a.m.beresford@durham.ac.uk Durham University, United Kingdom",10.885726162767762,1.8382654335977204,12.112837455732741,11.598731862061554,128.47099781961148,28.210182789247483,1.1127266362038433,-5.269995438501218,7
32,f::GUM_academic_art::-1::og,4,sentence,"Daniel Smith daniel.smith2@durham.ac.uk Durham University, United Kingdom",19.206946900313987,-6.5061709344035075,23.47992584543596,16.007210991554423,1248.0320021005507,75.17343224911019,1.222470492957531,-4.01082009647507,7
33,f::GUM_academic_art::-1::og,4,prev1,"Daniel Smith daniel.smith2@durham.ac.uk Durham University, United Kingdom",8.946836477760892,3.7539394881495878,11.299563074982354,9.634152641401114,241.015165016451,30.543340221163817,1.2629674302273908,-3.9446994824143706,7
34,f::GUM_academic_art::-1::og,4,prev3,"Daniel Smith daniel.smith2@durham.ac.uk Durham University, United Kingdom",8.889569918375596,3.8112060475348835,11.08801975728367,8.935917706271558,236.21651365067828,32.19494268030394,1.2473066592753455,-3.559601360570273,7
35,f::GUM_academic_art::-1::og,4,document,"Daniel Smith daniel.smith2@durham.ac.uk Durham University, United Kingdom",8.657793083145018,4.042982882765462,10.842090653179588,8.799790279977783,222.37799343891538,31.38589733222034,1.2522926511476646,-3.510389569360996,7
36,f::GUM_academic_art::-1::og,4,"sent[-2,+0]","Daniel Smith daniel.smith2@durham.ac.uk Durham University, United Kingdom",8.814312528627593,3.886463437282887,11.122436862753608,8.978917602974715,240.52901803294387,32.21379221935058,1.2618609592783971,-3.5557677677154835,7
37,f::GUM_academic_art::-1::og,4,"sent[-2,+2]","Daniel Smith daniel.smith2@durham.ac.uk Durham University, United Kingdom",9.613923196830521,3.086852769079958,13.271826474313825,10.605312053194954,376.78819598145463,38.23442307498772,1.3804797690384323,-3.9705293423737325,7
38,f::GUM_academic_art::-1::og,4,"tok[-64,+0]","Daniel Smith daniel.smith2@durham.ac.uk Durham University, United Kingdom",8.657793083145018,4.042982882765462,10.842090653179588,8.799790279977783,222.37799343891538,31.38589733222034,1.2522926511476646,-3.510389569360996,7
39,f::GUM_academic_art::-1::og,4,"tok[-64,+64]","Daniel Smith daniel.smith2@durham.ac.uk Durham University, United Kingdom",11.715196701090983,0.9855792648194962,15.27430831183993,13.256045967138528,453.7680075007676,39.85729686304694,1.303802975021111,-5.353806431020659,7
40,f::GUM_academic_art::-1::og,5,sentence,"Claire Warwick c.l.h.warwick@durham.ac.uk Durham University, United Kingdom",21.604759242418886,-8.824622399090696,27.22738775165266,18.660086438116824,1689.4872782717305,86.84634942212142,1.260249533269238,-4.905292534543798,7
41,f::GUM_academic_art::-1::og,5,prev1,"Claire Warwick c.l.h.warwick@durham.ac.uk Durham University, United Kingdom",13.029125490242482,-0.24898864691429065,16.96635346475009,13.839771854714964,578.5756574475605,48.50012130581308,1.302186664596653,-5.413304987700291,7
42,f::GUM_academic_art::-1::og,5,prev3,"Claire Warwick c.l.h.warwick@durham.ac.uk Durham University, United Kingdom",11.264385034804166,1.5157518085240258,13.612575067536202,12.565967164277954,238.66352796845774,36.18980267416919,1.208461449557762,-4.9233136302313385,7
43,f::GUM_academic_art::-1::og,5,document,"Claire Warwick c.l.h.warwick@durham.ac.uk Durham University, United Kingdom",11.010401453390452,1.7697353899377402,13.49876311687067,12.299324744285979,252.61318399042827,36.58226302056573,1.2260009931530673,-4.774303049173405,7
44,f::GUM_academic_art::-1::og,5,"sent[-2,+0]","Claire Warwick c.l.h.warwick@durham.ac.uk Durham University, United Kingdom",10.056533791336863,2.723603051991329,12.820986699399384,11.221731861763425,289.9120238231829,35.03082436285331,1.274891226482423,-4.475245426661527,7
45,f::GUM_academic_art::-1::og,5,"sent[-2,+2]","Claire Warwick c.l.h.warwick@durham.ac.uk Durham University, United Kingdom",11.06552789914505,1.7146089441831427,14.569026782988788,12.321856278341684,408.8703481452749,40.77994489451521,1.3166138042193565,-4.797425595599634,7
46,f::GUM_academic_art::-1::og,5,"tok[-64,+0]","Claire Warwick c.l.h.warwick@durham.ac.uk Durham University, United Kingdom",10.020395816170744,2.7597410271574483,12.626173982892224,10.933598883564073,277.03007745058136,35.4852038230747,1.2600474287169694,-4.299346253209348,7
47,f::GUM_academic_art::-1::og,5,"tok[-64,+64]","Claire Warwick c.l.h.warwick@durham.ac.uk Durham University, United Kingdom",12.19982899918354,0.5803078441446518,15.137940555763723,13.117557785283697,398.74286151155826,41.88267095154151,1.2408321917279999,-5.308457081355818,7
48,f::GUM_academic_art::-1::og,6,sentence,How do people look at and experience art?,6.6102656200528145,2.1360005159437545,2.9085109283153496,2.3523372020572424,22.031920938762987,9.065323770046234,0.43999910071573056,0.27386466165383705,8
49,f::GUM_academic_art::-1::og,6,prev1,How do people look at and experience art?,8.335078164935112,0.411187971061457,5.584079667989867,3.841398634016514,58.73168855637693,20.33447229862213,0.6699492863164216,-0.6710789728732325,8
50,f::GUM_academic_art::-1::og,6,prev3,How do people look at and experience art?,8.386629231274128,0.35963690472244103,5.4471610017223195,3.8316057585179806,54.17102071835706,19.910468637943268,0.6495054033639169,-0.60140312498524,8
51,f::GUM_academic_art::-1::og,6,document,How do people look at and experience art?,6.917678289115429,1.82858784688114,5.541134438553617,3.4802363254129887,49.447037890436555,20.225148856639862,0.8010107158744684,-1.2223552160319817,8
52,f::GUM_academic_art::-1::og,6,"sent[-2,+0]",How do people look at and experience art?,8.20007248222828,0.5461936537682899,5.20538791577456,3.6153300926089287,52.64702573187094,18.955491304397583,0.6347977931970735,-0.5295962506816498,8
53,f::GUM_academic_art::-1::og,6,"sent[-2,+2]",How do people look at and experience art?,5.224920289358124,3.521345846638445,3.5390743732892487,2.753932821273338,28.306033515540655,12.429736601188779,0.6773451416086618,-0.31209819216192436,8
54,f::GUM_academic_art::-1::og,6,"tok[-64,+0]",How do people look at and experience art?,8.420783512294292,0.32548262370227654,5.454446403339932,3.8244306184351444,54.747823626017166,19.928825080394745,0.647736210695415,-0.5867347752764102,8
55,f::GUM_academic_art::-1::og,6,"tok[-64,+64]",How do people look at and experience art?,6.355155206518248,2.3911109294783213,8.071043298608291,5.287036430439912,94.75551463515262,27.15363577567041,1.2699993999092454,-1.8112564726200475,8
56,f::GUM_academic_art::-1::og,7,sentence,Which elements of specific artworks do they focus on?,8.226721487111515,2.0066226164667946,4.823668193205166,4.426420775460609,45.95606515226065,13.148422226309776,0.5863414971276492,-1.0657132893800736,9
57,f::GUM_academic_art::-1::og,7,prev1,Which elements of specific artworks do they focus on?,7.228511843416426,3.0048322601618844,5.429207755382661,4.458014591240588,42.06118693882307,17.582103312015533,0.7510823628694013,-1.5022102236747747,9
58,f::GUM_academic_art::-1::og,7,prev3,Which elements of specific artworks do they focus on?,7.320915588074261,2.91242851550405,5.477004710196457,4.66616192717611,44.76791843635658,17.03635983169079,0.7481311106931042,-1.489402364691098,9
59,f::GUM_academic_art::-1::og,7,document,Which elements of specific artworks do they focus on?,7.394765880372789,2.8385782232055212,5.4784864926276144,4.461461083388623,44.5709649219042,17.720439732074738,0.7408600327927393,-1.472575465838115,9
60,f::GUM_academic_art::-1::og,7,"sent[-2,+0]",Which elements of specific artworks do they focus on?,7.431722160842684,2.801621942735627,5.6600177640641745,4.7287025216185015,47.01344414740452,17.878508359193802,0.7616024444356225,-1.5395444373289744,9
61,f::GUM_academic_art::-1::og,7,"sent[-2,+2]",Which elements of specific artworks do they focus on?,7.037667143676016,3.1956769599022943,5.936330581853102,4.778273351766446,56.68566133767993,19.359287604689598,0.8435082905544111,-1.4914875457684196,9
62,f::GUM_academic_art::-1::og,7,"tok[-64,+0]",Which elements of specific artworks do they focus on?,7.421188664105204,2.812155439473107,5.680899257010757,4.8410186929467285,46.905429585901565,17.7397690564394,0.7654972153569042,-1.5537952909866972,9
63,f::GUM_academic_art::-1::og,7,"tok[-64,+64]",Which elements of specific artworks do they focus on?,8.323950378431213,1.909393725147096,8.501532580655432,6.233743079282619,96.47459627879793,28.985953852534294,1.0213338852528921,-2.123022630810738,9
64,f::GUM_academic_art::-1::og,8,sentence,Do museum labels have an impact on how people look at artworks?,6.867730523149173,3.1666743839015177,5.6207567470619075,4.64727356367641,36.97893385380744,20.10234034061432,0.8184300080086034,-0.8132544703833704,12
65,f::GUM_academic_art::-1::og,8,prev1,Do museum labels have an impact on how people look at artworks?,6.090576499700546,3.943828407350144,4.951887612756408,4.045972466468811,14.281321649617972,15.907503187656403,0.8130408694480525,-0.9808177752094667,12
66,f::GUM_academic_art::-1::og,8,prev3,Do museum labels have an impact on how people look at artworks?,5.5652834388117,4.469121468238991,4.87423134051164,4.294938639634185,17.349248159209445,13.244299843907356,0.8758280497484215,-0.8768384814575003,12
67,f::GUM_academic_art::-1::og,8,document,Do museum labels have an impact on how people look at artworks?,5.596709062034885,4.4376958450158055,4.964320790026847,4.3703451226982795,18.11550995723387,13.969269998371601,0.8870071206134645,-0.8978810808719035,12
68,f::GUM_academic_art::-1::og,8,"sent[-2,+0]",Do museum labels have an impact on how people look at artworks?,5.761964752028386,4.272440155022305,5.007070963510719,4.41652086459928,16.2892526556166,14.542085096240044,0.8689867395922681,-0.9229537788908794,12
69,f::GUM_academic_art::-1::og,8,"sent[-2,+2]",Do museum labels have an impact on how people look at artworks?,6.202393853416045,3.832011053634645,5.505848767744522,4.86880429999696,21.065843434597994,17.21087270975113,0.887697379087287,-0.9585233308322775,12
70,f::GUM_academic_art::-1::og,8,"tok[-64,+0]",Do museum labels have an impact on how people look at artworks?,5.407349384079377,4.627055522971314,4.666623472226886,4.044133678906493,16.349448077283036,13.582422450184822,0.863014971062647,-0.8481943004510618,12
71,f::GUM_academic_art::-1::og,8,"tok[-64,+64]",Do museum labels have an impact on how people look at artworks?,7.321791050955653,2.7126138560950372,7.157468474750272,5.498128812760115,26.06452398686073,25.85561230033636,0.9775570519478382,-1.5024906224668855,12
72,f::GUM_academic_art::-1::og,9,sentence,"The viewing experience of art is a complex one, involving issues of perception, attention, memory, decision-making, affect, and emotion.",7.180548408583395,4.168313765377185,4.009345093446844,3.2911293452781027,44.21732301526984,14.839786291122437,0.5583619614142845,-0.03798182209169376,19
73,f::GUM_academic_art::-1::og,9,prev1,"The viewing experience of art is a complex one, involving issues of perception, attention, memory, decision-making, affect, and emotion.",7.306715453680801,4.04214672027978,4.258563541151574,3.572369978110463,32.32289742661931,15.625953435897827,0.5828287098557119,-0.06504147831481266,19
74,f::GUM_academic_art::-1::og,9,prev3,"The viewing experience of art is a complex one, involving issues of perception, attention, memory, decision-making, affect, and emotion.",6.966461977284205,4.382400196676374,4.451429976236833,3.769527808533481,30.29024999110981,15.078942060470581,0.6389800146403973,-0.04782839409614902,19
75,f::GUM_academic_art::-1::og,9,document,"The viewing experience of art is a complex one, involving issues of perception, attention, memory, decision-making, affect, and emotion.",6.872985304529338,4.475876869431243,4.239841780163205,3.6252297300360374,27.069409807248512,13.780908226966858,0.6168850350035122,-0.03483824738742489,19
76,f::GUM_academic_art::-1::og,9,"sent[-2,+0]","The viewing experience of art is a complex one, involving issues of perception, attention, memory, decision-making, affect, and emotion.",7.262583129255003,4.086279044705577,4.181617546997523,3.4590087417059077,28.607865323438382,14.77691912651062,0.5757755157601169,-0.08162687425746769,19
77,f::GUM_academic_art::-1::og,9,"sent[-2,+2]","The viewing experience of art is a complex one, involving issues of perception, attention, memory, decision-making, affect, and emotion.",7.502933597682338,3.8459285762782423,3.9580315264594317,3.1222033464140835,36.83683103562283,15.327701926231384,0.5275311949558065,0.007853834788527556,19
78,f::GUM_academic_art::-1::og,9,"tok[-64,+0]","The viewing experience of art is a complex one, involving issues of perception, attention, memory, decision-making, affect, and emotion.",6.954191127939052,4.394671046021529,4.2375345434887555,3.591080343015389,27.90917747942793,14.726236581802368,0.6093497382411739,-0.024144428644917414,19
79,f::GUM_academic_art::-1::og,9,"tok[-64,+64]","The viewing experience of art is a complex one, involving issues of perception, attention, memory, decision-making, affect, and emotion.",7.949030936499567,3.399831237461013,5.16643020517612,4.133923901528781,33.18696271225809,20.462787449359894,0.6499446594745808,-0.1404869090667683,19
80,f::GUM_academic_art::-1::og,10,sentence,"Thus, the time it takes and the ways of visually exploring an artwork can inform about its relevance, interestingness, and even its aesthetic appeal.",7.776142517725627,2.37320925549736,4.638733995744229,3.5815510915385347,53.837875497984115,18.681932538747787,0.5965340765257694,-0.03771697194679952,24
81,f::GUM_academic_art::-1::og,10,prev1,"Thus, the time it takes and the ways of visually exploring an artwork can inform about its relevance, interestingness, and even its aesthetic appeal.",7.181550070643425,2.9678017025795618,4.669421802249062,3.6452404682834945,50.491843241554385,19.506372183561325,0.6501969291193299,-0.06686775567738926,24
82,f::GUM_academic_art::-1::og,10,prev3,"Thus, the time it takes and the ways of visually exploring an artwork can inform about its relevance, interestingness, and even its aesthetic appeal.",7.065260116787006,3.08409165643598,4.503969715789412,3.3141225091854323,47.01444279476929,19.9359726421535,0.6374810893498476,-0.07784072106785131,24
83,f::GUM_academic_art::-1::og,10,document,"Thus, the time it takes and the ways of visually exploring an artwork can inform about its relevance, interestingness, and even its aesthetic appeal.",7.034963943064213,3.114387830158774,4.615627083172808,3.310731873537103,48.069792856810736,21.088685259222984,0.6560981862207503,-0.07388063198846351,24
84,f::GUM_academic_art::-1::og,10,"sent[-2,+0]","Thus, the time it takes and the ways of visually exploring an artwork can inform about its relevance, interestingness, and even its aesthetic appeal.",7.122116203419864,3.0272355698031226,4.608826590632271,3.339723772214105,47.78866460487828,20.714453496038914,0.6471147702447239,-0.07558464214529702,24
85,f::GUM_academic_art::-1::og,10,"sent[-2,+2]","Thus, the time it takes and the ways of visually exploring an artwork can inform about its relevance, interestingness, and even its aesthetic appeal.",7.216906281809012,2.9324454914139744,4.951695869096367,3.5777719716231027,57.83019715220696,21.750524044036865,0.686124452187726,-0.07650141205476693,24
86,f::GUM_academic_art::-1::og,10,"tok[-64,+0]","Thus, the time it takes and the ways of visually exploring an artwork can inform about its relevance, interestingness, and even its aesthetic appeal.",7.102300779428333,3.0470509937946537,4.65518219370876,3.4097334642816954,48.89523582697582,20.919706668704748,0.6554470640264066,-0.07719232306370293,24
87,f::GUM_academic_art::-1::og,10,"tok[-64,+64]","Thus, the time it takes and the ways of visually exploring an artwork can inform about its relevance, interestingness, and even its aesthetic appeal.",7.492291089768211,2.6570606834547754,5.386350181523111,3.829746974373443,63.90114656482257,24.6687401086092,0.7189189684419681,-0.11816318245685657,24
88,f::GUM_academic_art::-1::og,11,sentence,This paper describes a collaborative pilot project focusing on a unique collection of 17th Century Zurbarán paintings.,8.900387876064462,2.6149040201690186,8.95228342198829,5.306765589411903,198.44244127166996,39.62903474457562,1.0058307061047742,0.6535459991873188,17
89,f::GUM_academic_art::-1::og,11,prev1,This paper describes a collaborative pilot project focusing on a unique collection of 17th Century Zurbarán paintings.,8.365813005058204,3.149478891175276,8.668910583058222,5.545891321344771,191.49953968609077,38.58168802410364,1.036230498795127,0.41380376814334985,17
90,f::GUM_academic_art::-1::og,11,prev3,This paper describes a collaborative pilot project focusing on a unique collection of 17th Century Zurbarán paintings.,8.374512306907597,3.140779589325883,8.963857710184996,5.794736321719047,201.52680939953285,39.628711231052876,1.0703736983933125,0.46340517078836774,17
91,f::GUM_academic_art::-1::og,11,document,This paper describes a collaborative pilot project focusing on a unique collection of 17th Century Zurbarán paintings.,8.279074307750253,3.2362175884832274,8.889971132092747,5.762717178948611,200.75350345904107,39.12289549410343,1.0737880591034938,0.46419974007442877,17
92,f::GUM_academic_art::-1::og,11,"sent[-2,+0]",This paper describes a collaborative pilot project focusing on a unique collection of 17th Century Zurbarán paintings.,8.459695043371005,3.055596852862476,8.900852806229038,5.750742525326339,203.2583949249003,39.41635734587908,1.0521481874460383,0.46710361270051365,17
93,f::GUM_academic_art::-1::og,11,"sent[-2,+2]",This paper describes a collaborative pilot project focusing on a unique collection of 17th Century Zurbarán paintings.,8.393514243557172,3.121777652676308,9.182905932353771,6.053975951558166,211.9345181874664,39.84448728710413,1.0940478166701788,0.461777332658861,17
94,f::GUM_academic_art::-1::og,11,"tok[-64,+0]",This paper describes a collaborative pilot project focusing on a unique collection of 17th Century Zurbarán paintings.,8.411612764877432,3.1036791313560492,8.98544710403212,5.714436605933629,207.06261465812986,39.92562356591225,1.0682193005306575,0.4832593217199923,17
95,f::GUM_academic_art::-1::og,11,"tok[-64,+64]",This paper describes a collaborative pilot project focusing on a unique collection of 17th Century Zurbarán paintings.,8.091004651258974,3.424287244974507,9.151519470642459,5.662217850091135,211.58192008333376,40.09985955059528,1.1310733172324239,0.5530037985128518,17
96,f::GUM_academic_art::-1::og,12,sentence,The Jacob cycle at Auckland Castle is the only UK example of a continental collection preserved in situ in purpose-built surroundings.,9.279187471029305,1.6264828050698148,5.67242933359188,4.729553838908807,56.647442477056515,20.273529030382633,0.611306685127535,-0.02927075937003272,21
97,f::GUM_academic_art::-1::og,12,prev1,The Jacob cycle at Auckland Castle is the only UK example of a continental collection preserved in situ in purpose-built surroundings.,9.022402634045907,1.8832676420532117,5.942250053028626,4.820853328725108,65.96186739622827,22.59570547565818,0.6586106045196466,-0.1144102472811939,21
98,f::GUM_academic_art::-1::og,12,prev3,The Jacob cycle at Auckland Castle is the only UK example of a continental collection preserved in situ in purpose-built surroundings.,9.218979969620705,1.6866903064784144,5.922573811699448,4.923645462308611,69.74796992972051,21.422233060002327,0.6424326586255854,-0.12210537990579381,21
99,f::GUM_academic_art::-1::og,12,document,The Jacob cycle at Auckland Castle is the only UK example of a continental collection preserved in situ in purpose-built surroundings.,9.02550867057982,1.8801616055192998,5.769056605786936,4.711782817397258,64.11642233713016,21.443988502025604,0.6391946223033564,-0.12306400158188606,21
100,f::GUM_academic_art::-1::og,12,"sent[-2,+0]",The Jacob cycle at Auckland Castle is the only UK example of a continental collection preserved in situ in purpose-built surroundings.,9.133244163223676,1.772426112875444,5.954376338519419,4.913997379290004,69.51723976029797,21.832373395562172,0.6519453802073499,-0.11648569414754953,21
101,f::GUM_academic_art::-1::og,12,"sent[-2,+2]",The Jacob cycle at Auckland Castle is the only UK example of a continental collection preserved in situ in purpose-built surroundings.,9.362877183017277,1.5427930930818425,6.034337664316422,5.074403258678323,64.96822232858183,21.34503147006035,0.6444960823860555,-0.1973574399561078,21
102,f::GUM_academic_art::-1::og,12,"tok[-64,+0]",The Jacob cycle at Auckland Castle is the only UK example of a continental collection preserved in situ in purpose-built surroundings.,9.125324780742327,1.7803454953567919,5.86187991668196,4.851898440765956,67.90278538982074,21.32125510275364,0.6423749354162831,-0.11210685881314336,21
103,f::GUM_academic_art::-1::og,12,"tok[-64,+64]",The Jacob cycle at Auckland Castle is the only UK example of a continental collection preserved in situ in purpose-built surroundings.,10.099008351564407,0.8066619245347117,6.438351490538513,5.53540902762186,67.56031453927405,21.767510682344437,0.6375231375604484,-0.31090016399885173,21
104,f::GUM_academic_art::-1::og,13,sentence,"While studies of the psychology of art have focused on individual works and distinctions between representative / non-representative topics, no work has been completed on the aesthetic appreciation of collections or of devotional themes.",7.442292166764245,2.991307845976213,5.260427139798165,4.553907154340645,63.21639799592352,18.437755450606346,0.7068288938306073,0.05727270684390687,34
105,f::GUM_academic_art::-1::og,13,prev1,"While studies of the psychology of art have focused on individual works and distinctions between representative / non-representative topics, no work has been completed on the aesthetic appreciation of collections or of devotional themes.",7.4037283555988,3.0298716571416584,5.492846721666754,4.7809740325700245,65.61581608462636,18.11855173110962,0.7419027897630778,0.018415084179573347,34
106,f::GUM_academic_art::-1::og,13,prev3,"While studies of the psychology of art have focused on individual works and distinctions between representative / non-representative topics, no work has been completed on the aesthetic appreciation of collections or of devotional themes.",7.014783325221608,3.41881668751885,5.276147724992965,4.438228065102881,52.92275219162839,19.51401600241661,0.7521469274785166,0.05627342076748728,34
107,f::GUM_academic_art::-1::og,13,document,"While studies of the psychology of art have focused on individual works and distinctions between representative / non-representative topics, no work has been completed on the aesthetic appreciation of collections or of devotional themes.",6.936252989313182,3.497347023427277,5.315877979731497,4.467250820520015,49.74585410415372,19.950410783290863,0.7663904398991461,0.07643559218090483,34
108,f::GUM_academic_art::-1::og,13,"sent[-2,+0]","While studies of the psychology of art have focused on individual works and distinctions between representative / non-representative topics, no work has been completed on the aesthetic appreciation of collections or of devotional themes.",7.149240602246103,3.2843594104943565,5.44360044202122,4.602599720821868,58.5831386487582,19.138377964496613,0.7614235895643215,0.04323945389598094,34
109,f::GUM_academic_art::-1::og,13,"sent[-2,+2]","While studies of the psychology of art have focused on individual works and distinctions between representative / non-representative topics, no work has been completed on the aesthetic appreciation of collections or of devotional themes.",6.910342625397093,3.5232573873433655,5.292893281625063,4.37232472600615,50.17143029460978,19.85234197974205,0.7659378946237003,0.058812232143647614,34
110,f::GUM_academic_art::-1::og,13,"tok[-64,+0]","While studies of the psychology of art have focused on individual works and distinctions between representative / non-representative topics, no work has been completed on the aesthetic appreciation of collections or of devotional themes.",7.044712726684177,3.388887286056281,5.281452721123224,4.45028302965486,53.25231260923124,19.469678074121475,0.7497044842038735,0.05027240674581296,34
111,f::GUM_academic_art::-1::og,13,"tok[-64,+64]","While studies of the psychology of art have focused on individual works and distinctions between representative / non-representative topics, no work has been completed on the aesthetic appreciation of collections or of devotional themes.",7.220385710544446,3.2132143021960125,5.956156015796525,4.599157765688163,56.4568318303704,25.830573827028275,0.8249082880847105,0.0026051837014642496,34
112,f::GUM_academic_art::-1::og,14,sentence,"In this paper, we report upon the novel insights eye-tracking techniques have provided into the unconscious processes of viewing the unique collection of Zurbarán artworks.",9.03787850022316,1.6448469550889127,8.788941116580123,5.461954334449768,192.10909595075285,44.22271379828453,0.9724562148476669,0.3317643645635017,25
113,f::GUM_academic_art::-1::og,14,prev1,"In this paper, we report upon the novel insights eye-tracking techniques have provided into the unconscious processes of viewing the unique collection of Zurbarán artworks.",8.519333515167236,2.163391940144836,8.476249906819548,5.252371067237854,178.75360066755556,41.650149166584015,0.9949428428560773,0.23465179131581218,25
114,f::GUM_academic_art::-1::og,14,prev3,"In this paper, we report upon the novel insights eye-tracking techniques have provided into the unconscious processes of viewing the unique collection of Zurbarán artworks.",6.730626658443361,3.952098796868711,5.079445140544635,3.9704142871722583,50.94659884658527,22.968380376696587,0.7546764065679724,-0.056808907155019295,25
115,f::GUM_academic_art::-1::og,14,document,"In this paper, we report upon the novel insights eye-tracking techniques have provided into the unconscious processes of viewing the unique collection of Zurbarán artworks.",6.391983895348385,4.290741559963688,4.234201974196623,3.542202837376297,40.06613443623218,15.537444785237312,0.662423755053257,-0.023203469424759333,25
116,f::GUM_academic_art::-1::og,14,"sent[-2,+0]","In this paper, we report upon the novel insights eye-tracking techniques have provided into the unconscious processes of viewing the unique collection of Zurbarán artworks.",8.48143830537796,2.201287149934112,8.221552115640183,5.05635538892746,161.94334257959798,40.13663765788078,0.9693582408572156,0.20637799492249115,25
117,f::GUM_academic_art::-1::og,14,"sent[-2,+2]","In this paper, we report upon the novel insights eye-tracking techniques have provided into the unconscious processes of viewing the unique collection of Zurbarán artworks.",8.245079629421234,2.4376458258908382,8.508316844922627,5.284163216114044,180.8933323558231,41.99158379435539,1.0319265825598667,0.2340173576428338,25
118,f::GUM_academic_art::-1::og,14,"tok[-64,+0]","In this paper, we report upon the novel insights eye-tracking techniques have provided into the unconscious processes of viewing the unique collection of Zurbarán artworks.",8.473646556138993,2.2090788991730803,8.265329876900351,5.094229591464996,163.72476216874065,40.35592278838158,0.975415934821152,0.20536019588892265,25
119,f::GUM_academic_art::-1::og,14,"tok[-64,+64]","In this paper, we report upon the novel insights eye-tracking techniques have provided into the unconscious processes of viewing the unique collection of Zurbarán artworks.",8.503145908713341,2.1795795465987315,8.376096728560274,5.427665854835511,175.79009447462457,39.422792822122574,0.9850585675564055,0.1460408437481289,25
120,f::GUM_academic_art::-1::og,15,sentence,The purpose of this pilot study was to assess the effects of different written interpretation on the visual exploration of artworks.,5.990645169324818,3.62106577768063,5.434212704983711,4.889067491655853,53.90425240216166,16.234309803694487,0.9071164376100379,0.27469443325679027,21
121,f::GUM_academic_art::-1::og,15,prev1,The purpose of this pilot study was to assess the effects of different written interpretation on the visual exploration of artworks.,5.396656374314001,4.215054572691447,4.967760812120845,4.38613947313659,47.33811406706483,14.508632723242044,0.9205256861944123,0.04957386190434551,21
122,f::GUM_academic_art::-1::og,15,prev3,The purpose of this pilot study was to assess the effects of different written interpretation on the visual exploration of artworks.,5.230700512372312,4.3810104346331356,4.841945526980304,4.203958000759688,43.88376786938191,15.061981283128262,0.9256782175786061,0.03536865296108372,21
123,f::GUM_academic_art::-1::og,15,document,The purpose of this pilot study was to assess the effects of different written interpretation on the visual exploration of artworks.,4.866147954194319,4.745562992811129,4.326248256317363,3.5116663935368293,28.57576539062243,14.964713536202908,0.8890498803244165,0.01584891119560625,21
124,f::GUM_academic_art::-1::og,15,"sent[-2,+0]",The purpose of this pilot study was to assess the effects of different written interpretation on the visual exploration of artworks.,5.0973910595334715,4.514319887471977,4.858289100957905,4.145146264460217,44.893675615594255,14.273495141416788,0.9530932675592189,-0.0005910615448829431,21
125,f::GUM_academic_art::-1::og,15,"sent[-2,+2]",The purpose of this pilot study was to assess the effects of different written interpretation on the visual exploration of artworks.,5.220668541622304,4.3910424053831445,4.87865581519365,4.1990644858132145,45.84970936952725,14.85228761844337,0.9344887108419307,0.025826699412488174,21
126,f::GUM_academic_art::-1::og,15,"tok[-64,+0]",The purpose of this pilot study was to assess the effects of different written interpretation on the visual exploration of artworks.,5.194235673262959,4.417475273742489,4.829876662658104,4.181437409451219,45.22230405108425,14.13451886922121,0.9298532000616813,0.017787208059778348,21
127,f::GUM_academic_art::-1::og,15,"tok[-64,+64]",The purpose of this pilot study was to assess the effects of different written interpretation on the visual exploration of artworks.,5.68177338370255,3.9299375633028975,5.370941060420932,4.570692452240963,48.982401112679696,17.667732253670692,0.9452930797674539,-0.05581539054582645,21
128,f::GUM_academic_art::-1::og,16,sentence,We will discuss the potential implications of these techniques and our understanding of visual behaviours on museum and gallery practice.,7.119850952923298,3.1632277051512063,4.215917540011861,3.34819135710597,37.001372794310846,15.278901517391205,0.5921356455194996,0.30292327719971635,20
129,f::GUM_academic_art::-1::og,16,prev1,We will discuss the potential implications of these techniques and our understanding of visual behaviours on museum and gallery practice.,6.431731222569942,3.851347435504562,4.115896244269516,3.2998793196678156,27.40693304957054,14.54234430193901,0.6399359833051167,0.14783969478947742,20
130,f::GUM_academic_art::-1::og,16,prev3,We will discuss the potential implications of these techniques and our understanding of visual behaviours on museum and gallery practice.,6.0669305190444,4.216148139030105,4.308392196319541,3.384815871864557,30.207843845064346,16.004616513848305,0.7101436521805023,0.20663073118916117,20
131,f::GUM_academic_art::-1::og,16,document,We will discuss the potential implications of these techniques and our understanding of visual behaviours on museum and gallery practice.,6.046023030951619,4.237055627122885,4.115253778034668,3.173808241002262,26.78268901114242,15.122513614594936,0.680654664556735,0.17353025393042323,20
132,f::GUM_academic_art::-1::og,16,"sent[-2,+0]",We will discuss the potential implications of these techniques and our understanding of visual behaviours on museum and gallery practice.,6.1549601092934605,4.1281185487810435,4.28898751949695,3.506545473337173,26.943869825461217,14.383150398731232,0.6968343325281585,0.2528239594590393,20
133,f::GUM_academic_art::-1::og,16,"sent[-2,+2]",We will discuss the potential implications of these techniques and our understanding of visual behaviours on museum and gallery practice.,6.070897344872355,4.212181313202149,4.130795835692463,3.339516928084195,27.141063325893104,13.818365179002285,0.6804259075771467,0.21128543731301325,20
134,f::GUM_academic_art::-1::og,16,"tok[-64,+0]",We will discuss the potential implications of these techniques and our understanding of visual behaviours on museum and gallery practice.,6.111484810337425,4.17159384773708,4.239319146753491,3.3956637281551956,27.062534970186267,15.174585022032261,0.6936643513508842,0.22761468019588527,20
135,f::GUM_academic_art::-1::og,16,"tok[-64,+64]",We will discuss the potential implications of these techniques and our understanding of visual behaviours on museum and gallery practice.,6.447056283056736,3.836022375017768,5.708406253374397,3.982342243492603,44.64182261394281,25.568560630083084,0.8854283261612657,0.004550010660536653,20
136,f::GUM_academic_art::-1::og,17,sentence,"The project brings together established research strengths in Spanish art history, experimental psychology, digital humanities, and museum studies to explore, using eye-tracking techniques, aesthetic reactions to digital representations of the individual Zurbarán artworks as well as the significance of the collection as a whole.",8.0081681089571,3.1295412191435306,6.67247210564929,4.428425525587143,86.32863007996623,41.73790038260631,0.8332082961877586,-0.08401130249290924,44
137,f::GUM_academic_art::-1::og,17,prev1,"The project brings together established research strengths in Spanish art history, experimental psychology, digital humanities, and museum studies to explore, using eye-tracking techniques, aesthetic reactions to digital representations of the individual Zurbarán artworks as well as the significance of the collection as a whole.",7.445395176875701,3.692314151224929,6.519191419833281,4.16268520330128,84.51927281881329,41.4681674472522,0.8756004570557823,-0.053468820539603515,44
138,f::GUM_academic_art::-1::og,17,prev3,"The project brings together established research strengths in Spanish art history, experimental psychology, digital humanities, and museum studies to explore, using eye-tracking techniques, aesthetic reactions to digital representations of the individual Zurbarán artworks as well as the significance of the collection as a whole.",6.421174101886043,4.716535226214588,4.2009923673575,3.5398097362808016,41.171581850961076,17.93613952747546,0.6542405330706692,-0.09134235932746695,44
139,f::GUM_academic_art::-1::og,17,document,"The project brings together established research strengths in Spanish art history, experimental psychology, digital humanities, and museum studies to explore, using eye-tracking techniques, aesthetic reactions to digital representations of the individual Zurbarán artworks as well as the significance of the collection as a whole.",6.194164849468507,4.943544478632123,3.996688475352104,3.393978995244569,40.316369654528735,15.925268465420231,0.6452344379718989,-0.07570231837667434,44
140,f::GUM_academic_art::-1::og,17,"sent[-2,+0]","The project brings together established research strengths in Spanish art history, experimental psychology, digital humanities, and museum studies to explore, using eye-tracking techniques, aesthetic reactions to digital representations of the individual Zurbarán artworks as well as the significance of the collection as a whole.",7.326668028971074,3.811041299129556,6.559391536568995,4.31928519931757,91.20314212322597,41.499690838274546,0.8952762034026767,-0.049228074517351304,44
141,f::GUM_academic_art::-1::og,17,"sent[-2,+2]","The project brings together established research strengths in Spanish art history, experimental psychology, digital humanities, and museum studies to explore, using eye-tracking techniques, aesthetic reactions to digital representations of the individual Zurbarán artworks as well as the significance of the collection as a whole.",7.543793152652639,3.5939161754479922,6.587403647649354,4.357240475182881,92.9365746314347,41.76685826596804,0.8732216690396677,-0.05925314500361839,44
142,f::GUM_academic_art::-1::og,17,"tok[-64,+0]","The project brings together established research strengths in Spanish art history, experimental psychology, digital humanities, and museum studies to explore, using eye-tracking techniques, aesthetic reactions to digital representations of the individual Zurbarán artworks as well as the significance of the collection as a whole.",6.467059061973652,4.670650266126978,4.253482402442631,3.600344502699969,41.582914963767635,16.92775697284378,0.6577151007407888,-0.0868266380755124,44
143,f::GUM_academic_art::-1::og,17,"tok[-64,+64]","The project brings together established research strengths in Spanish art history, experimental psychology, digital humanities, and museum studies to explore, using eye-tracking techniques, aesthetic reactions to digital representations of the individual Zurbarán artworks as well as the significance of the collection as a whole.",7.165113152195276,3.9725961759053545,5.129510360799396,4.175291505308383,51.13990443808252,23.192741558887064,0.7159008171738078,-0.1414548087221259,44
144,f::GUM_academic_art::-1::og,18,sentence,Our experience of art develops from the interaction of several cognitive and affective processes; the beginning of which is a visual scan of the artwork.,6.916756682693959,2.606418923902288,4.19454824038795,3.9335443526268006,43.58386528875681,11.771054863929749,0.6064328171154121,-0.10405330474560065,25
145,f::GUM_academic_art::-1::og,18,prev1,Our experience of art develops from the interaction of several cognitive and affective processes; the beginning of which is a visual scan of the artwork.,6.656220980584622,2.866954626011625,4.478451728265742,4.067266386127472,48.09375941445423,13.759082555770874,0.6728219723066339,-0.12111722340950595,25
146,f::GUM_academic_art::-1::og,18,prev3,Our experience of art develops from the interaction of several cognitive and affective processes; the beginning of which is a visual scan of the artwork.,6.554580101370812,2.968595505225435,4.5670825472579,4.120288409948349,50.69666631499802,15.576866328716278,0.6967772880375281,-0.12117323077642,25
147,f::GUM_academic_art::-1::og,18,document,Our experience of art develops from the interaction of several cognitive and affective processes; the beginning of which is a visual scan of the artwork.,6.193279880285263,3.3298957263109834,4.25949345779163,3.807016617774963,44.073219677424525,13.836273282766342,0.6877605307892912,-0.10248114585876468,25
148,f::GUM_academic_art::-1::og,18,"sent[-2,+0]",Our experience of art develops from the interaction of several cognitive and affective processes; the beginning of which is a visual scan of the artwork.,6.589383544176817,2.9337920624194296,4.396383314201098,3.9929797331333163,47.72627966376441,13.587344229221344,0.6671918981080224,-0.08695601765926074,25
149,f::GUM_academic_art::-1::og,18,"sent[-2,+2]",Our experience of art develops from the interaction of several cognitive and affective processes; the beginning of which is a visual scan of the artwork.,6.6694091480970386,2.853766458499208,4.585435256639489,3.925559346389771,46.19778424692006,17.36032611131668,0.6875324567466125,-0.15009549058400676,25
150,f::GUM_academic_art::-1::og,18,"tok[-64,+0]",Our experience of art develops from the interaction of several cognitive and affective processes; the beginning of which is a visual scan of the artwork.,6.622420424818992,2.900755181777254,4.54270904851771,4.060728239631652,48.844269790478364,14.766162157058716,0.6859590236060668,-0.10701441810681289,25
151,f::GUM_academic_art::-1::og,18,"tok[-64,+64]",Our experience of art develops from the interaction of several cognitive and affective processes; the beginning of which is a visual scan of the artwork.,7.551264810860157,1.9719107957360893,6.373388124091656,4.7408435462236405,66.66396160242967,29.858504354953766,0.8440159739763742,-0.24348744369470202,25
152,f::GUM_academic_art::-1::og,19,sentence,"When regarding an artwork, a viewer gathers information through a series fixations, interspersed by rapid movements of the eye called saccades.",10.156098741860617,1.1505039343188426,6.922225450894918,5.5441177573874425,90.11300368531457,29.079026699066162,0.6815831183644786,0.004362773663037828,21
153,f::GUM_academic_art::-1::og,19,prev1,"When regarding an artwork, a viewer gathers information through a series fixations, interspersed by rapid movements of the eye called saccades.",9.065388512043725,2.2412141641357333,6.907666484573988,5.448888764359784,75.15769627647916,29.20394253730774,0.7619823988124592,-0.03015560577442124,21
154,f::GUM_academic_art::-1::og,19,prev3,"When regarding an artwork, a viewer gathers information through a series fixations, interspersed by rapid movements of the eye called saccades.",9.233484980605898,2.0731176955735617,7.200089846820687,5.65493860347471,79.12982658972865,30.098782390356064,0.7797803171764318,-0.05183056171064287,21
155,f::GUM_academic_art::-1::og,19,document,"When regarding an artwork, a viewer gathers information through a series fixations, interspersed by rapid movements of the eye called saccades.",9.181943585475286,2.1246590907041734,7.491422153209467,5.921965683263446,86.09853010135022,31.196949273347855,0.8158863189989516,-0.03926309049129481,21
156,f::GUM_academic_art::-1::og,19,"sent[-2,+0]","When regarding an artwork, a viewer gathers information through a series fixations, interspersed by rapid movements of the eye called saccades.",9.211167048130717,2.0954356280487425,7.175358387455318,5.628094044875126,78.03675220568734,29.631262362003326,0.778984720390177,-0.020899037842626686,21
157,f::GUM_academic_art::-1::og,19,"sent[-2,+2]","When regarding an artwork, a viewer gathers information through a series fixations, interspersed by rapid movements of the eye called saccades.",8.59409794366608,2.7125047325133784,6.837268388222991,5.031958320695493,81.22590725346728,30.794635444879532,0.7955772011258161,-0.1647809428078207,21
158,f::GUM_academic_art::-1::og,19,"tok[-64,+0]","When regarding an artwork, a viewer gathers information through a series fixations, interspersed by rapid movements of the eye called saccades.",9.083463278554735,2.2231393976247245,7.05894373299287,5.571322866172747,76.35691107952462,29.68035924434662,0.7771203027438247,-0.03805764131731791,21
159,f::GUM_academic_art::-1::og,19,"tok[-64,+64]","When regarding an artwork, a viewer gathers information through a series fixations, interspersed by rapid movements of the eye called saccades.",8.715256705525375,2.591345970654084,7.154608535802439,5.362577780608147,81.3883594064416,30.73946249485016,0.8209291794315706,-0.21808467513168014,21
160,f::GUM_academic_art::-1::og,20,sentence,"The direction of saccades is determined by an interaction between the goals of the observer and the physical properties of the different elements of the scene (e.g. colour, texture, brightness etc).",6.1754471257337435,3.9605311865002824,5.974126146928994,4.466991397162456,91.57649460518704,28.2074171602726,0.9673997728899948,-0.05719871154884569,31
161,f::GUM_academic_art::-1::og,20,prev1,"The direction of saccades is determined by an interaction between the goals of the observer and the physical properties of the different elements of the scene (e.g. colour, texture, brightness etc).",5.260843017703249,4.875135294530777,4.581461124425538,3.9343493455897933,43.509589353696775,16.136652797460556,0.8708606413474942,0.03888530030826891,31
162,f::GUM_academic_art::-1::og,20,prev3,"The direction of saccades is determined by an interaction between the goals of the observer and the physical properties of the different elements of the scene (e.g. colour, texture, brightness etc).",5.221969596675462,4.914008715558564,4.357422239947134,3.878945922785638,36.27339369369339,14.362934559583664,0.8344403695343732,0.05811890274747017,31
163,f::GUM_academic_art::-1::og,20,document,"The direction of saccades is determined by an interaction between the goals of the observer and the physical properties of the different elements of the scene (e.g. colour, texture, brightness etc).",5.099254624049213,5.036723688184813,4.266192775765765,3.763749169662746,34.220140930645954,14.720483347773552,0.8366306627728405,0.03802374773890602,31
164,f::GUM_academic_art::-1::og,20,"sent[-2,+0]","The direction of saccades is determined by an interaction between the goals of the observer and the physical properties of the different elements of the scene (e.g. colour, texture, brightness etc).",5.15973467961087,4.976243632623156,4.306073411959865,3.7980673413711723,36.2167830557873,14.204459816217422,0.8345532627822279,0.05454961987629042,31
165,f::GUM_academic_art::-1::og,20,"sent[-2,+2]","The direction of saccades is determined by an interaction between the goals of the observer and the physical properties of the different elements of the scene (e.g. colour, texture, brightness etc).",5.422346777470891,4.713631534763135,4.34501263186063,3.856870335774768,40.693386084953055,13.603912010788918,0.8013158896280044,0.026950149033590755,31
166,f::GUM_academic_art::-1::og,20,"tok[-64,+0]","The direction of saccades is determined by an interaction between the goals of the observer and the physical properties of the different elements of the scene (e.g. colour, texture, brightness etc).",5.260469933018847,4.875508379215179,4.370468065338931,3.8574854590765066,38.15723353908094,14.213696539402008,0.8308132393089895,0.04671236500012004,31
167,f::GUM_academic_art::-1::og,20,"tok[-64,+64]","The direction of saccades is determined by an interaction between the goals of the observer and the physical properties of the different elements of the scene (e.g. colour, texture, brightness etc).",5.7308723259202745,4.405105986313751,4.963455528664221,4.120033996550509,43.18918937700268,20.18241773545742,0.8660907530979028,-0.026901099645938918,31
168,f::GUM_academic_art::-1::og,21,sentence,"Importantly, studying eye movements offers an insight that does not depend on the participants’ beliefs, memories or subjective impressions of the artwork.",7.572543376887387,3.3593376013702154,5.09328201255271,4.499169393357905,39.70127900102422,15.947462357580662,0.6725985919206777,-0.20331726013722207,22
169,f::GUM_academic_art::-1::og,21,prev1,"Importantly, studying eye movements offers an insight that does not depend on the participants’ beliefs, memories or subjective impressions of the artwork.",7.556649069471115,3.3752319087864864,5.958832551123636,5.057048172451371,47.16423954313132,23.09334328211844,0.7885548867417089,-0.24943921039904296,22
170,f::GUM_academic_art::-1::og,21,prev3,"Importantly, studying eye movements offers an insight that does not depend on the participants’ beliefs, memories or subjective impressions of the artwork.",6.876315161882138,4.055565816375464,5.529959089673093,4.593260955304091,34.49964617370465,22.668349754996598,0.8042038445718172,-0.3651996360143057,22
171,f::GUM_academic_art::-1::og,21,document,"Importantly, studying eye movements offers an insight that does not depend on the participants’ beliefs, memories or subjective impressions of the artwork.",6.905829895118421,4.026051083139181,5.529840456455819,4.309543147667749,32.06431898460568,24.211197696626186,0.8007495899029806,-0.3937548629388439,22
172,f::GUM_academic_art::-1::og,21,"sent[-2,+0]","Importantly, studying eye movements offers an insight that does not depend on the participants’ beliefs, memories or subjective impressions of the artwork.",7.32536009457809,3.606520883679512,5.8394486926992055,4.836669999471104,41.891928351634945,23.420658716000617,0.7971551728933174,-0.3180876027278386,22
173,f::GUM_academic_art::-1::og,21,"sent[-2,+2]","Importantly, studying eye movements offers an insight that does not depend on the participants’ beliefs, memories or subjective impressions of the artwork.",7.079735511998561,3.8521454662590404,5.416823625929861,4.464196308854628,38.63196979070916,22.868441807106137,0.7651166652694245,-0.31448807769398734,22
174,f::GUM_academic_art::-1::og,21,"tok[-64,+0]","Importantly, studying eye movements offers an insight that does not depend on the participants’ beliefs, memories or subjective impressions of the artwork.",7.467977000104094,3.4639039781535077,5.880797440940941,4.980340046569521,46.65543682240524,22.320806610397995,0.7874686064055861,-0.23252949750030916,22
175,f::GUM_academic_art::-1::og,21,"tok[-64,+64]","Importantly, studying eye movements offers an insight that does not depend on the participants’ beliefs, memories or subjective impressions of the artwork.",7.475302551873028,3.456578426384574,6.620743029795536,4.909880472008478,50.708409998424585,30.61772975511849,0.8856822829380502,-0.346671218874973,22
176,f::GUM_academic_art::-1::og,22,sentence,"Previous eye tracking research has highlighted the potential to transform the ways we understand visual processing in the arts (see for example Brieber 2014; Binderman et al., 2005) and at the same time offers a direct way of studying several important factors of a museum visit (Filippini Fantoni et al., 2013; Heidenreich & Turano 2011; Milekic 2010).",8.547541448946536,3.0683153658366846,6.888677209190006,5.143563448005433,88.31232643167209,29.11895799031481,0.8059249844338595,0.10067803085578454,57
177,f::GUM_academic_art::-1::og,22,prev1,"Previous eye tracking research has highlighted the potential to transform the ways we understand visual processing in the arts (see for example Brieber 2014; Binderman et al., 2005) and at the same time offers a direct way of studying several important factors of a museum visit (Filippini Fantoni et al., 2013; Heidenreich & Turano 2011; Milekic 2010).",8.12012408959083,3.4957327251923913,6.883888574457826,5.047636555041402,86.01407479612759,28.512043638853356,0.8477565734841748,0.11351757153146792,57
178,f::GUM_academic_art::-1::og,22,prev3,"Previous eye tracking research has highlighted the potential to transform the ways we understand visual processing in the arts (see for example Brieber 2014; Binderman et al., 2005) and at the same time offers a direct way of studying several important factors of a museum visit (Filippini Fantoni et al., 2013; Heidenreich & Turano 2011; Milekic 2010).",8.205540710052254,3.4103161047309656,6.971726661216688,5.152045469518041,88.72699678017513,28.90942316292785,0.8496364721798194,0.10713698931851673,57
179,f::GUM_academic_art::-1::og,22,document,"Previous eye tracking research has highlighted the potential to transform the ways we understand visual processing in the arts (see for example Brieber 2014; Binderman et al., 2005) and at the same time offers a direct way of studying several important factors of a museum visit (Filippini Fantoni et al., 2013; Heidenreich & Turano 2011; Milekic 2010).",8.08842647666614,3.5274303381170804,7.030473792012803,5.180421944907892,86.80324319035958,29.2065873502288,0.869201668865339,0.10913887745700109,57
180,f::GUM_academic_art::-1::og,22,"sent[-2,+0]","Previous eye tracking research has highlighted the potential to transform the ways we understand visual processing in the arts (see for example Brieber 2014; Binderman et al., 2005) and at the same time offers a direct way of studying several important factors of a museum visit (Filippini Fantoni et al., 2013; Heidenreich & Turano 2011; Milekic 2010).",8.136842782293618,3.4790140324896024,6.94029552819502,5.124826255600791,87.98395972966655,28.963582918746397,0.852946986182113,0.10682796110775636,57
181,f::GUM_academic_art::-1::og,22,"sent[-2,+2]","Previous eye tracking research has highlighted the potential to transform the ways we understand visual processing in the arts (see for example Brieber 2014; Binderman et al., 2005) and at the same time offers a direct way of studying several important factors of a museum visit (Filippini Fantoni et al., 2013; Heidenreich & Turano 2011; Milekic 2010).",8.352823958147047,3.263032856636173,7.00165405952595,5.229210267233531,87.52650420488267,29.885310445912182,0.8382379533686671,0.10157481462404928,57
182,f::GUM_academic_art::-1::og,22,"tok[-64,+0]","Previous eye tracking research has highlighted the potential to transform the ways we understand visual processing in the arts (see for example Brieber 2014; Binderman et al., 2005) and at the same time offers a direct way of studying several important factors of a museum visit (Filippini Fantoni et al., 2013; Heidenreich & Turano 2011; Milekic 2010).",8.134527955837385,3.481328858945836,6.919281100371667,5.108079252767306,87.90441583293588,28.857051463099197,0.8506063459289425,0.10695343380933225,57
183,f::GUM_academic_art::-1::og,22,"tok[-64,+64]","Previous eye tracking research has highlighted the potential to transform the ways we understand visual processing in the arts (see for example Brieber 2014; Binderman et al., 2005) and at the same time offers a direct way of studying several important factors of a museum visit (Filippini Fantoni et al., 2013; Heidenreich & Turano 2011; Milekic 2010).",8.590117125598338,3.0257396891848827,7.341924874468952,5.4738121405686755,90.3154166078198,29.826890599913895,0.8546943850847151,0.08046300825075098,57
184,f::GUM_academic_art::-1::og,23,sentence,Zurbarán’s cycle of Jacob and his Sons has been on display in the Long Room at Auckland Castle for over 250 years.,9.130259271711111,1.4217248692542006,10.755329011804388,6.656424980271947,126.28754869109969,52.78264959901571,1.1779872500585322,-0.6923192670449971,22
185,f::GUM_academic_art::-1::og,23,prev1,Zurbarán’s cycle of Jacob and his Sons has been on display in the Long Room at Auckland Castle for over 250 years.,9.735570522702552,0.8164136182627586,12.575076078380848,7.632716098477032,185.1257972942143,60.19324764609337,1.291662984624969,-0.8414226928015909,22
186,f::GUM_academic_art::-1::og,23,prev3,Zurbarán’s cycle of Jacob and his Sons has been on display in the Long Room at Auckland Castle for over 250 years.,9.594580054706471,0.9574040862588411,12.33863241020956,7.556154938953475,179.12099643684732,58.91386806033552,1.2860002563798545,-0.8187720631125661,22
187,f::GUM_academic_art::-1::og,23,document,Zurbarán’s cycle of Jacob and his Sons has been on display in the Long Room at Auckland Castle for over 250 years.,7.164057127221233,3.3879270137440782,6.75523272974543,5.457458007682407,72.78838651286851,28.02934373775497,0.9429339562463293,-0.49908209496841904,22
188,f::GUM_academic_art::-1::og,23,"sent[-2,+0]",Zurbarán’s cycle of Jacob and his Sons has been on display in the Long Room at Auckland Castle for over 250 years.,9.592860873280602,0.9591232676847106,12.035013569965724,7.592074420333895,171.9460887131768,57.150580897927284,1.2545802267900448,-0.8068140346445413,22
189,f::GUM_academic_art::-1::og,23,"sent[-2,+2]",Zurbarán’s cycle of Jacob and his Sons has been on display in the Long Room at Auckland Castle for over 250 years.,9.278447558426045,1.2735365825392675,12.21557775394418,7.331360222756371,171.4050158538072,58.598304491490126,1.3165540546544163,-0.8193716514668404,22
190,f::GUM_academic_art::-1::og,23,"tok[-64,+0]",Zurbarán’s cycle of Jacob and his Sons has been on display in the Long Room at Auckland Castle for over 250 years.,9.658904130909253,0.8930800100560584,12.34072759309876,7.499910186391233,177.0464924312937,59.28650571964681,1.277652974482629,-0.8219056296126016,22
191,f::GUM_academic_art::-1::og,23,"tok[-64,+64]",Zurbarán’s cycle of Jacob and his Sons has been on display in the Long Room at Auckland Castle for over 250 years.,9.41041319241578,1.1415709485495322,12.72406969029922,7.342992373087927,184.35665754624947,62.13399147242308,1.3521265676786698,-0.8388636686761854,22
192,f::GUM_academic_art::-1::og,24,sentence,"It is the only cycle to be preserved in purpose-built surroundings in the UK, and one of very few of its kind in the world.",6.294158074259758,2.3747633988055146,5.167757719939319,3.907345818519593,56.49677518388717,22.27967707812786,0.821040345502776,-0.19414403036236755,25
193,f::GUM_academic_art::-1::og,24,prev1,"It is the only cycle to be preserved in purpose-built surroundings in the UK, and one of very few of its kind in the world.",5.589204317033291,3.0797171560319816,5.027596502999057,3.92728741042614,56.94034648684774,21.226882837712765,0.899519183379517,-0.17226911190037542,25
194,f::GUM_academic_art::-1::og,24,prev3,"It is the only cycle to be preserved in purpose-built surroundings in the UK, and one of very few of its kind in the world.",5.86877204656601,2.800149426499263,5.023570090924896,4.077021436309814,59.161207206840686,19.307539641857147,0.855983168380911,-0.20854018523142892,25
195,f::GUM_academic_art::-1::og,24,document,"It is the only cycle to be preserved in purpose-built surroundings in the UK, and one of very few of its kind in the world.",5.045166934393347,3.623754538671926,4.1294050897613825,3.3719601021558048,43.704448888657204,15.163547217845917,0.818487305466716,-0.12011679755165619,25
196,f::GUM_academic_art::-1::og,24,"sent[-2,+0]","It is the only cycle to be preserved in purpose-built surroundings in the UK, and one of very few of its kind in the world.",5.754570090770722,2.914351382294551,4.92569512360068,3.9926374464035037,56.74835040529383,19.164580047130585,0.8559623127191716,-0.19927987043674186,25
197,f::GUM_academic_art::-1::og,24,"sent[-2,+2]","It is the only cycle to be preserved in purpose-built surroundings in the UK, and one of very few of its kind in the world.",6.360876106023788,2.308045367041484,5.066506741385067,4.035322006702423,59.900969770153544,19.026267260313034,0.7965108354471885,-0.2240419447651278,25
198,f::GUM_academic_art::-1::og,24,"tok[-64,+0]","It is the only cycle to be preserved in purpose-built surroundings in the UK, and one of very few of its kind in the world.",5.604995311200619,3.0639261618646536,5.00959048422393,3.930598627138138,57.190516696241765,20.510129176080227,0.8937724665376838,-0.1954038225286284,25
199,f::GUM_academic_art::-1::og,24,"tok[-64,+64]","It is the only cycle to be preserved in purpose-built surroundings in the UK, and one of very few of its kind in the world.",6.553000620305538,2.1159208527597344,6.213388317494919,4.812904123425484,73.11019943696361,23.494145095348358,0.9481745352261566,-0.3107368290481661,25
200,f::GUM_academic_art::-1::og,25,sentence,"It has a long history in scholarship (Baron & Beresford 2014), but many key aspects of its production and significance have not yet been fully understood.",7.52443204418971,3.1973951779393506,7.707245562650881,5.295628635576492,89.07670115122878,34.8454619795084,1.0242959890377823,-0.30490075631528846,26
201,f::GUM_academic_art::-1::og,25,prev1,"It has a long history in scholarship (Baron & Beresford 2014), but many key aspects of its production and significance have not yet been fully understood.",7.135488780645224,3.5863384414838366,7.064314421861868,5.465863590762461,69.77787966966208,29.076782435178757,0.9900253001621397,-0.3107097828897656,26
202,f::GUM_academic_art::-1::og,25,prev3,"It has a long history in scholarship (Baron & Beresford 2014), but many key aspects of its production and significance have not yet been fully understood.",6.245657542577157,4.476169679551903,5.912564147083285,4.514632872046804,58.60904106032262,23.49981877207756,0.9466680020120944,-0.28205784932160993,26
203,f::GUM_academic_art::-1::og,25,document,"It has a long history in scholarship (Baron & Beresford 2014), but many key aspects of its production and significance have not yet been fully understood.",5.9937879432445,4.728039278884561,5.220146185573857,4.087420469037148,43.467935601004285,20.919427126646042,0.8709260712930958,-0.29821280925142646,26
204,f::GUM_academic_art::-1::og,25,"sent[-2,+0]","It has a long history in scholarship (Baron & Beresford 2014), but many key aspects of its production and significance have not yet been fully understood.",6.873217360331462,3.8486098617975983,6.730408021977149,5.047915815601688,66.27538910645036,27.939704656600952,0.9792223451016503,-0.2942864460007757,26
205,f::GUM_academic_art::-1::og,25,"sent[-2,+2]","It has a long history in scholarship (Baron & Beresford 2014), but many key aspects of its production and significance have not yet been fully understood.",6.723547417670488,3.998279804458572,5.947317663685061,4.589037471379225,52.91177236070741,23.877484552562237,0.8845505644913904,-0.34248194905173057,26
206,f::GUM_academic_art::-1::og,25,"tok[-64,+0]","It has a long history in scholarship (Baron & Beresford 2014), but many key aspects of its production and significance have not yet been fully understood.",6.594344276648301,4.127482945480759,6.218704527285131,4.763121509693078,59.790349770517444,25.90695345401764,0.943036072488151,-0.2856970514802851,26
207,f::GUM_academic_art::-1::og,25,"tok[-64,+64]","It has a long history in scholarship (Baron & Beresford 2014), but many key aspects of its production and significance have not yet been fully understood.",6.96972960462937,3.7520976174996905,6.712935213163083,5.0803571144151976,62.13020849914506,24.40367740392685,0.9631557598309521,-0.4071761960657235,26
208,f::GUM_academic_art::-1::og,26,sentence,"In this study we used eye-tracking in the first stage of exploring audience experience of the extensive Spanish art collections of County Durham, of which the 13 Zurbarán artworks (there are actually only 12 Zurbarán artworks, the 13th Benjamin, is a copy by Arthur Pond) are a key part of, to investigate the ways in which audiences look at Spanish art, how aesthetic experience is evaluated and whether audiences can be encouraged to approach art in different ways.",7.431385832010374,3.189922322947332,5.793843232571173,4.075008204496486,60.93054332998922,37.37706881703343,0.7796450572670366,-0.054875058611299196,78
209,f::GUM_academic_art::-1::og,26,prev1,"In this study we used eye-tracking in the first stage of exploring audience experience of the extensive Spanish art collections of County Durham, of which the 13 Zurbarán artworks (there are actually only 12 Zurbarán artworks, the 13th Benjamin, is a copy by Arthur Pond) are a key part of, to investigate the ways in which audiences look at Spanish art, how aesthetic experience is evaluated and whether audiences can be encouraged to approach art in different ways.",7.427451757135061,3.1938563978226457,5.7529045774607,4.069060718175485,60.04210869518068,36.25601094355807,0.7745462058281651,-0.05479363310572474,78
210,f::GUM_academic_art::-1::og,26,prev3,"In this study we used eye-tracking in the first stage of exploring audience experience of the extensive Spanish art collections of County Durham, of which the 13 Zurbarán artworks (there are actually only 12 Zurbarán artworks, the 13th Benjamin, is a copy by Arthur Pond) are a key part of, to investigate the ways in which audiences look at Spanish art, how aesthetic experience is evaluated and whether audiences can be encouraged to approach art in different ways.",7.294218274075179,3.327089880882527,5.003790617862525,3.8789418871040127,47.21061046954301,24.220301915658638,0.6859940887218579,-0.04774188613019307,78
211,f::GUM_academic_art::-1::og,26,document,"In this study we used eye-tracking in the first stage of exploring audience experience of the extensive Spanish art collections of County Durham, of which the 13 Zurbarán artworks (there are actually only 12 Zurbarán artworks, the 13th Benjamin, is a copy by Arthur Pond) are a key part of, to investigate the ways in which audiences look at Spanish art, how aesthetic experience is evaluated and whether audiences can be encouraged to approach art in different ways.",6.7339279802362375,3.887380174721469,4.903888169067509,3.8495125557350467,49.45471851167442,24.464955398987513,0.7282359097780954,-0.027841411255489255,78
212,f::GUM_academic_art::-1::og,26,"sent[-2,+0]","In this study we used eye-tracking in the first stage of exploring audience experience of the extensive Spanish art collections of County Durham, of which the 13 Zurbarán artworks (there are actually only 12 Zurbarán artworks, the 13th Benjamin, is a copy by Arthur Pond) are a key part of, to investigate the ways in which audiences look at Spanish art, how aesthetic experience is evaluated and whether audiences can be encouraged to approach art in different ways.",7.451344117532687,3.1699640374250193,5.857572981203394,4.096530456947044,63.278584596156236,36.8345242702635,0.7861095781928499,-0.05337607111534844,78
213,f::GUM_academic_art::-1::og,26,"sent[-2,+2]","In this study we used eye-tracking in the first stage of exploring audience experience of the extensive Spanish art collections of County Durham, of which the 13 Zurbarán artworks (there are actually only 12 Zurbarán artworks, the 13th Benjamin, is a copy by Arthur Pond) are a key part of, to investigate the ways in which audiences look at Spanish art, how aesthetic experience is evaluated and whether audiences can be encouraged to approach art in different ways.",7.110204585839827,3.5111035691178794,5.716671998980183,3.997195585669715,58.90020816870806,36.66167242731899,0.8040094950805068,-0.03914353172410384,78
214,f::GUM_academic_art::-1::og,26,"tok[-64,+0]","In this study we used eye-tracking in the first stage of exploring audience experience of the extensive Spanish art collections of County Durham, of which the 13 Zurbarán artworks (there are actually only 12 Zurbarán artworks, the 13th Benjamin, is a copy by Arthur Pond) are a key part of, to investigate the ways in which audiences look at Spanish art, how aesthetic experience is evaluated and whether audiences can be encouraged to approach art in different ways.",7.49148461890992,3.129823536047787,5.866348064560089,4.110372936954452,63.4853784326277,36.79269928694703,0.7830688258709523,-0.05459116444229953,78
215,f::GUM_academic_art::-1::og,26,"tok[-64,+64]","In this study we used eye-tracking in the first stage of exploring audience experience of the extensive Spanish art collections of County Durham, of which the 13 Zurbarán artworks (there are actually only 12 Zurbarán artworks, the 13th Benjamin, is a copy by Arthur Pond) are a key part of, to investigate the ways in which audiences look at Spanish art, how aesthetic experience is evaluated and whether audiences can be encouraged to approach art in different ways.",7.269791494078863,3.3515166608788443,5.928636847525227,4.10817997428245,61.795279034719805,36.715534443734214,0.8155167658321444,-0.05016103339244944,78
216,f::GUM_academic_art::-1::og,27,sentence,"This pilot project primarily investigated how participants visually explore artworks and provides new insights into the potential eye-tracking has to transform the ways we understand visual processing in arts and culture and at the same time offer a direct way of studying several important factors of a museum visit, namely to assess the effects of label characteristics on visitor visual behaviour.",7.126939258587806,3.6508174236401048,4.407526334721424,3.639723240026818,35.96851806818531,18.838840992888436,0.6184318646199279,-0.019905851741610896,61
217,f::GUM_academic_art::-1::og,27,prev1,"This pilot project primarily investigated how participants visually explore artworks and provides new insights into the potential eye-tracking has to transform the ways we understand visual processing in arts and culture and at the same time offer a direct way of studying several important factors of a museum visit, namely to assess the effects of label characteristics on visitor visual behaviour.",6.8275465604898775,3.950210121738033,4.072025137387803,3.3690660371810166,33.63252012279923,16.958115749410354,0.5964111853813027,0.0007885094362731402,61
218,f::GUM_academic_art::-1::og,27,prev3,"This pilot project primarily investigated how participants visually explore artworks and provides new insights into the potential eye-tracking has to transform the ways we understand visual processing in arts and culture and at the same time offer a direct way of studying several important factors of a museum visit, namely to assess the effects of label characteristics on visitor visual behaviour.",6.910793391798745,3.866963290429166,4.253318705470266,3.4660262988203376,37.37740009870358,17.673141813254915,0.6154602611210765,-0.012280372198859916,61
219,f::GUM_academic_art::-1::og,27,document,"This pilot project primarily investigated how participants visually explore artworks and provides new insights into the potential eye-tracking has to transform the ways we understand visual processing in arts and culture and at the same time offer a direct way of studying several important factors of a museum visit, namely to assess the effects of label characteristics on visitor visual behaviour.",5.526294234286055,5.251462447941856,6.751859174512726,5.028547093853283,64.06145342497355,39.580847401754,1.2217697589504122,0.017824525530459937,61
220,f::GUM_academic_art::-1::og,27,"sent[-2,+0]","This pilot project primarily investigated how participants visually explore artworks and provides new insights into the potential eye-tracking has to transform the ways we understand visual processing in arts and culture and at the same time offer a direct way of studying several important factors of a museum visit, namely to assess the effects of label characteristics on visitor visual behaviour.",6.877710627703012,3.9000460545249,4.124060550112925,3.4079307184696175,34.30517912615083,16.770976425730623,0.5996269359605583,-0.004210721844806544,61
221,f::GUM_academic_art::-1::og,27,"sent[-2,+2]","This pilot project primarily investigated how participants visually explore artworks and provides new insights into the potential eye-tracking has to transform the ways we understand visual processing in arts and culture and at the same time offer a direct way of studying several important factors of a museum visit, namely to assess the effects of label characteristics on visitor visual behaviour.",6.877710627703012,3.9000460545249,4.124060550112925,3.4079307184696175,34.30517912615083,16.770976425730623,0.5996269359605583,-0.004210721844806544,61
222,f::GUM_academic_art::-1::og,27,"tok[-64,+0]","This pilot project primarily investigated how participants visually explore artworks and provides new insights into the potential eye-tracking has to transform the ways we understand visual processing in arts and culture and at the same time offer a direct way of studying several important factors of a museum visit, namely to assess the effects of label characteristics on visitor visual behaviour.",7.069595038896564,3.7081616433313473,4.341033067653074,3.496340096968351,34.194763596243874,20.062825172790326,0.6140426776596005,-0.013255082878439541,61
223,f::GUM_academic_art::-1::og,27,"tok[-64,+64]","This pilot project primarily investigated how participants visually explore artworks and provides new insights into the potential eye-tracking has to transform the ways we understand visual processing in arts and culture and at the same time offer a direct way of studying several important factors of a museum visit, namely to assess the effects of label characteristics on visitor visual behaviour.",7.069595038896564,3.7081616433313473,4.341033067653074,3.496340096968351,34.194763596243874,20.062825172790326,0.6140426776596005,-0.013255082878439541,61
